File_name,ram_percent,ram,flash,Code,RO_data,RW_data,ZI_data
lto-llvm-708540.o,71.998909%,2633,103396,26410,76726,260,2373
startup_at32f415.o,28.001093%,1024,404,36,368,0,1024
