File_name,ram_percent,ram,flash,Code,RO_data,RW_data,ZI_data
lto-llvm-9f4555.o,71.906723%,2621,103554,26568,76726,260,2361
startup_at32f415.o,28.093279%,1024,404,36,368,0,1024
