File_name,ram_percent,ram,flash,Code,RO_data,RW_data,ZI_data
lto-llvm-549529.o,72.029503%,2637,103514,26528,76726,260,2377
startup_at32f415.o,27.970499%,1024,404,36,368,0,1024
