File_name,ram_percent,ram,flash,Code,RO_data,RW_data,ZI_data
lto-llvm-04919d.o,85.964912%,6272,105975,29980,75734,261,6011
startup_at32f415.o,14.035088%,1024,404,36,368,0,1024
