File_name,ram_percent,ram,flash,Code,RO_data,RW_data,ZI_data
lto-llvm-51078c.o,70.983284%,2505,94988,19408,75388,192,2313
startup_at32f415.o,29.016718%,1024,404,36,368,0,1024
