File_name,ram_percent,ram,flash,Code,RO_data,RW_data,ZI_data
lto-llvm-c53498.o,85.957214%,6268,104817,27830,76726,261,6007
startup_at32f415.o,14.042787%,1024,404,36,368,0,1024
